model,test_loss,accuracy,macro_precision,macro_recall,macro_f1
LSTM,1.9282824865976969,0.208,0.2274094869401495,0.20827832331317858,0.20236882323914873
biLSTM,1.9873074909845987,0.20533333333333334,0.20276059986334874,0.20504365546571834,0.19952260658495172
RNN,2.2462452405293782,0.19466666666666665,0.195163454035922,0.1957623861398062,0.1952108561755927
